title,commentsNo,upvotes,link,postTime,authorName
ImportantHousing Megathread self.ASU,300 comments,34,https://old.reddit.com/r/ASU/comments/l1k9be/housing_megathread/,Wed Jan 20 22:29:30 2021 UTC,Running_Is_Life
"Weekly /r/ASU Discussion - April 12, 2021 self.ASU",11 comments,5,https://old.reddit.com/r/ASU/comments/mpao6f/weekly_rasu_discussion_april_12_2021/,Mon Apr 12 10:00:20 2021 UTC,AutoModerator
Reporting a professor self.ASU,20 comments,86,https://old.reddit.com/r/ASU/comments/mqt973/reporting_a_professor/,Wed Apr 14 15:43:01 2021 UTC,SuccGod
Goodbye Rula Bula! abc15.com,5 comments,8,https://old.reddit.comhttps://www.abc15.com/entertainment/events/rula-bula-irish-pub-in-downtown-tempe-to-close-after-being-unable-to-renegotiate-lease,Thu Apr 15 00:41:05 2021 UTC,Rheolitic
Church people around campus again self.ASU,10 comments,11,https://old.reddit.com/r/ASU/comments/mr2euv/church_people_around_campus_again/,Wed Apr 14 23:09:11 2021 UTC,alovesolives3
Big Four Recruiting at W.P. Carey self.ASU,comment,â€¢,https://old.reddit.com/r/ASU/comments/mr69h2/big_four_recruiting_at_wp_carey/,Thu Apr 15 03:03:24 2021 UTC,Electrical-Cost-7288
Business Majors Needed (Preferably Marketing) self.ASU,1 comment,3,https://old.reddit.com/r/ASU/comments/mqzw85/business_majors_needed_preferably_marketing/,Wed Apr 14 20:59:11 2021 UTC,Acceptable_Meeting80
Accepted Freshman self.ASU,9 comments,1,https://old.reddit.com/r/ASU/comments/mr3ua9/accepted_freshman/,Thu Apr 15 00:32:28 2021 UTC,Infinite_Answer
Tips for incoming students? self.ASU,1 comment,2,https://old.reddit.com/r/ASU/comments/mr3lcc/tips_for_incoming_students/,Thu Apr 15 00:17:49 2021 UTC,ghoulfiend6
MAE 417 w/ Anoop Singh/Grewal curve self.ASU,comment,2,https://old.reddit.com/r/ASU/comments/mr363t/mae_417_w_anoop_singhgrewal_curve/,Wed Apr 14 23:52:29 2021 UTC,MamaLuigiST
Interviews for TCL 498 Project! self.ASU,comment,3,https://old.reddit.com/r/ASU/comments/mqxx4q/interviews_for_tcl_498_project/,Wed Apr 14 19:23:40 2021 UTC,wizardwlw
Part time job on campus self.ASU,3 comments,2,https://old.reddit.com/r/ASU/comments/mr1s1w/part_time_job_on_campus/,Wed Apr 14 22:35:35 2021 UTC,jdpatel1705
Hi everyone! Would you be willing to participate in our short PSY 290 survey centered on college majors and subjective happiness! #ResearchMethods self.ASU,6 comments,26,https://old.reddit.com/r/ASU/comments/mqjlyg/hi_everyone_would_you_be_willing_to_participate/,Wed Apr 14 05:01:36 2021 UTC,123LiveLoveLearn
IEE380 Survey self.ASU,comment,2,https://old.reddit.com/r/ASU/comments/mqz7v0/iee380_survey/,Wed Apr 14 20:25:08 2021 UTC,Alexvo23
Minecraft Players Needed for Paid Study self.ASU,22 comments,71,https://old.reddit.com/r/ASU/comments/mq8c4n/minecraft_players_needed_for_paid_study/,Tue Apr 13 18:26:31 2021 UTC,Minecraft-Study
Survey on sustainability for MKT 402 class self.ASU,comment,4,https://old.reddit.com/r/ASU/comments/mqmbs9/survey_on_sustainability_for_mkt_402_class/,Wed Apr 14 08:32:27 2021 UTC,wiscorunner23
ASU Masters computer science online - math / background knowledge advice self.ASU,2 comments,8,https://old.reddit.com/r/ASU/comments/mqi0p5/asu_masters_computer_science_online_math/,Wed Apr 14 03:10:35 2021 UTC,sydneyfooking
digital audiences vs digital culture self.ASU,7 comments,4,https://old.reddit.com/r/ASU/comments/mqkrii/digital_audiences_vs_digital_culture/,Wed Apr 14 06:27:04 2021 UTC,usercatmail
Clotting is an extremely rare side effect but the ASU community should be aware nonetheless nytimes.com,21 comments,44,https://old.reddit.comhttps://www.nytimes.com/2021/04/13/us/politics/johnson-johnson-vaccine-blood-clots-fda-cdc.html?referringSource=articleShare,Tue Apr 13 17:23:06 2021 UTC,usernamesstressmeowt
Assistance needed for IEE 380 Project self.ASU,2 comments,11,https://old.reddit.com/r/ASU/comments/mqdo2f/assistance_needed_for_iee_380_project/,Tue Apr 13 22:55:56 2021 UTC,Krazycuban0
"Unpopular opinion: Barrett is misunderstood, not worthless self.ASU",8 comments,10,https://old.reddit.com/r/ASU/comments/mqe7bb/unpopular_opinion_barrett_is_misunderstood_not/,Tue Apr 13 23:25:14 2021 UTC,Yo_soy_yo
Good Eng 102 professors self.ASU,13 comments,5,https://old.reddit.com/r/ASU/comments/mqikbc/good_eng_102_professors/,Wed Apr 14 03:46:16 2021 UTC,EliteCuddlez
BioSciences v Biology Major self.ASU,7 comments,4,https://old.reddit.com/r/ASU/comments/mqgbsn/biosciences_v_biology_major/,Wed Apr 14 01:28:08 2021 UTC,skip15letters
Do I have to take a covid test if I already got the vaccine? self.ASU,15 comments,6,https://old.reddit.com/r/ASU/comments/mqb0d1/do_i_have_to_take_a_covid_test_if_i_already_got/,Tue Apr 13 20:36:36 2021 UTC,chocochipalicious
Wagner or Houtchens for Ochem self.ASU,5 comments,6,https://old.reddit.com/r/ASU/comments/mqbye6/wagner_or_houtchens_for_ochem/,Tue Apr 13 21:25:16 2021 UTC,Animeisexciting
Please donâ€™t use plastic glitter/confetti for graduation photos. self.ASU,10 comments,247,https://old.reddit.com/r/ASU/comments/mppixm/please_dont_use_plastic_glitterconfetti_for/,Mon Apr 12 22:55:49 2021 UTC,demonroses
Where is a good spot to cry and be depressed? self.ASU,36 comments,103,https://old.reddit.com/r/ASU/comments/mpsn2l/where_is_a_good_spot_to_cry_and_be_depressed/,Tue Apr 13 01:56:23 2021 UTC,quezra
For my stats class project self.ASU,4 comments,3,https://old.reddit.com/r/ASU/comments/mqc97h/for_my_stats_class_project/,Tue Apr 13 21:40:42 2021 UTC,MagicalColdRamen
Upper Division POS and PHI course recommendations! self.ASU,9 comments,4,https://old.reddit.com/r/ASU/comments/mq9agv/upper_division_pos_and_phi_course_recommendations/,Tue Apr 13 19:12:14 2021 UTC,tomie002
MAT 275 icourse self.ASU,1 comment,2,https://old.reddit.com/r/ASU/comments/mqeflm/mat_275_icourse/,Tue Apr 13 23:38:11 2021 UTC,SunDevil2024
Calc BC + Eng Lang Credit self.ASU,11 comments,3,https://old.reddit.com/r/ASU/comments/mq95qd/calc_bc_eng_lang_credit/,Tue Apr 13 19:05:47 2021 UTC,mikewheelerss
Short BLM Survey for Project self.ASU,5 comments,1,https://old.reddit.com/r/ASU/comments/mqbo1b/short_blm_survey_for_project/,Tue Apr 13 21:10:43 2021 UTC,Careful_Department34
IB Diploma Acceptance self.ASU,1 comment,3,https://old.reddit.com/r/ASU/comments/mq6dcq/ib_diploma_acceptance/,Tue Apr 13 16:53:35 2021 UTC,sushisoruka
lf CSGO players for the ASU eSports association teams self.ASU,3 comments,11,https://old.reddit.com/r/ASU/comments/mpvrv2/lf_csgo_players_for_the_asu_esports_association/,Tue Apr 13 05:19:21 2021 UTC,SolHS
Physics 121 content self.ASU,4 comments,3,https://old.reddit.com/r/ASU/comments/mq2sc3/physics_121_content/,Tue Apr 13 13:57:50 2021 UTC,Eljefepapo
Ba Ba Bazzputin v.redd.it,6 comments,20,https://old.reddit.com/r/ASU/comments/mpo4kf/ba_ba_bazzputin/,Mon Apr 12 21:42:30 2021 UTC,3p1k5auc3
Does ASU send you anything when you commit? self.ASU,28 comments,33,https://old.reddit.com/r/ASU/comments/mpi796/does_asu_send_you_anything_when_you_commit/,Mon Apr 12 17:02:10 2021 UTC,lucawiley
Is there an application fee waiver for a homeless online student? self.ASU,4 comments,8,https://old.reddit.com/r/ASU/comments/mporkj/is_there_an_application_fee_waiver_for_a_homeless/,Mon Apr 12 22:14:33 2021 UTC,calamityecho
Baseball team self.ASU,5 comments,6,https://old.reddit.com/r/ASU/comments/mpql1m/baseball_team/,Mon Apr 12 23:55:12 2021 UTC,Beaure67
How do you guys think virtual Convocations will go this time around? self.ASU,5 comments,10,https://old.reddit.com/r/ASU/comments/mplw9f/how_do_you_guys_think_virtual_convocations_will/,Mon Apr 12 19:55:21 2021 UTC,Jonman7
Any online MechE students? self.ASU,comment,3,https://old.reddit.com/r/ASU/comments/mpumiu/any_online_meche_students/,Tue Apr 13 03:58:34 2021 UTC,AG1418
Would it look bad if I take a class at a community college to transfer over? self.ASU,6 comments,3,https://old.reddit.com/r/ASU/comments/mpsy54/would_it_look_bad_if_i_take_a_class_at_a/,Tue Apr 13 02:13:57 2021 UTC,Select_Camel
Research Survey for ASU MKT 352 self.ASU,2 comments,6,https://old.reddit.com/r/ASU/comments/mpnjeo/research_survey_for_asu_mkt_352/,Mon Apr 12 21:13:16 2021 UTC,Snoo_1297
Graduate School self.ASU,comment,3,https://old.reddit.com/r/ASU/comments/mprxwo/graduate_school/,Tue Apr 13 01:15:07 2021 UTC,ariannaquinonez
Upper Division Science and Society Elective? self.ASU,4 comments,3,https://old.reddit.com/r/ASU/comments/mpqas5/upper_division_science_and_society_elective/,Mon Apr 12 23:38:32 2021 UTC,sparkledstar23
Collections and financial services self.ASU,2 comments,3,https://old.reddit.com/r/ASU/comments/mpp9nu/collections_and_financial_services/,Mon Apr 12 22:41:53 2021 UTC,JagusSwagus
Mat 343 self.ASU,6 comments,4,https://old.reddit.com/r/ASU/comments/mplsyg/mat_343/,Mon Apr 12 19:50:46 2021 UTC,AdministrativeDrag64
M&G dollars self.ASU,4 comments,2,https://old.reddit.com/r/ASU/comments/mprllx/mg_dollars/,Tue Apr 13 00:54:42 2021 UTC,JClugo92
Can someone explain to me how being a teacher intern (SEDD398) is like? Just getting a little confused about the times. self.ASU,3 comments,0,https://old.reddit.com/r/ASU/comments/mprgok/can_someone_explain_to_me_how_being_a_teacher/,Tue Apr 13 00:46:34 2021 UTC,amourxloves
Saliva test turnaround time? self.ASU,3 comments,2,https://old.reddit.com/r/ASU/comments/mpqx3l/saliva_test_turnaround_time/,Tue Apr 13 00:14:13 2021 UTC,much_happiness
Weeknight Bars/Happy Hour ASU self.ASU,6 comments,4,https://old.reddit.com/r/ASU/comments/mplsx9/weeknight_barshappy_hour_asu/,Mon Apr 12 19:50:44 2021 UTC,stizz734
Who should I take physics in the summer with? self.ASU,10 comments,5,https://old.reddit.com/r/ASU/comments/mphf7f/who_should_i_take_physics_in_the_summer_with/,Mon Apr 12 16:25:21 2021 UTC,Eljefepapo
Baseball throwing partner. self.ASU,21 comments,56,https://old.reddit.com/r/ASU/comments/mp2o4y/baseball_throwing_partner/,Mon Apr 12 00:07:29 2021 UTC,Beaure67
MKT 352 Research Survey - Student Organizations and Social Media self.ASU,comment,2,https://old.reddit.com/r/ASU/comments/mpnr95/mkt_352_research_survey_student_organizations_and/,Mon Apr 12 21:23:58 2021 UTC,anxietyprincesss
MKT 352 Survey for Bars and Restaurants self.ASU,comment,2,https://old.reddit.com/r/ASU/comments/mpn549/mkt_352_survey_for_bars_and_restaurants/,Mon Apr 12 20:54:28 2021 UTC,SnooFoxes4948
CSE 100 Summer self.ASU,2 comments,2,https://old.reddit.com/r/ASU/comments/mpms6w/cse_100_summer/,Mon Apr 12 20:37:10 2021 UTC,Eljefepapo
IEE380 survey self.ASU,1 comment,2,https://old.reddit.com/r/ASU/comments/mpmefc/iee380_survey/,Mon Apr 12 20:19:04 2021 UTC,Alexvo23
MAT 265 and 266 signup self.ASU,3 comments,1,https://old.reddit.com/r/ASU/comments/mpluy8/mat_265_and_266_signup/,Mon Apr 12 19:53:33 2021 UTC,sekkusupistoruzu
ASU MLA program self.ASU,comment,2,https://old.reddit.com/r/ASU/comments/mpltlf/asu_mla_program/,Mon Apr 12 19:51:42 2021 UTC,Puzzleheaded-Rate520
Returning books? self.ASU,1 comment,2,https://old.reddit.com/r/ASU/comments/mplbz4/returning_books/,Mon Apr 12 19:28:06 2021 UTC,rainbowkanken
Anyone has a graduation cap and gown that I can borrow? self.ASU,comment,1,https://old.reddit.com/r/ASU/comments/mpkxbe/anyone_has_a_graduation_cap_and_gown_that_i_can/,Mon Apr 12 19:09:01 2021 UTC,Typical-Cucumber98
Breakfast Spots in Tempe self.ASU,16 comments,15,https://old.reddit.com/r/ASU/comments/mp4uzb/breakfast_spots_in_tempe/,Mon Apr 12 02:20:21 2021 UTC,stizz734
My M&G was withdrawn self.ASU,3 comments,6,https://old.reddit.com/r/ASU/comments/mp85ca/my_mg_was_withdrawn/,Mon Apr 12 06:20:00 2021 UTC,diamondaires
Anyone take English 101 as a summer class online before? self.ASU,18 comments,13,https://old.reddit.com/r/ASU/comments/mp33e3/anyone_take_english_101_as_a_summer_class_online/,Mon Apr 12 00:32:47 2021 UTC,Xavior187
Just a rant about ECN 211 self.ASU,comment,0,https://old.reddit.com/r/ASU/comments/mpl9zi/just_a_rant_about_ecn_211/,Mon Apr 12 19:25:27 2021 UTC,LiftedSlinger420
Take Cs courses without being major? self.ASU,6 comments,1,https://old.reddit.com/r/ASU/comments/mpadjf/take_cs_courses_without_being_major/,Mon Apr 12 09:34:54 2021 UTC,zzzzazzzzzz
How does ASU telehealth counsiling work? Anyone have experience with it that could answer a question or two? self.ASU,2 comments,3,https://old.reddit.com/r/ASU/comments/mp5rn2/how_does_asu_telehealth_counsiling_work_anyone/,Mon Apr 12 03:16:57 2021 UTC,OverratedChef
Summer Session Financial Aid? self.ASU,5 comments,2,https://old.reddit.com/r/ASU/comments/mp87lm/summer_session_financial_aid/,Mon Apr 12 06:25:37 2021 UTC,bigmuffy
Discrete Math and Linear Algebra during the summer self.ASU,10 comments,4,https://old.reddit.com/r/ASU/comments/mp2e7o/discrete_math_and_linear_algebra_during_the_summer/,Sun Apr 11 23:50:46 2021 UTC,GucciNerfGun
PHY 122 Lab summer self.ASU,7 comments,2,https://old.reddit.com/r/ASU/comments/mp6r3e/phy_122_lab_summer/,Mon Apr 12 04:26:51 2021 UTC,Eljefepapo
Deal or no deal? i.redd.it,22 comments,521,https://old.reddit.com/r/ASU/comments/moa0u6/deal_or_no_deal/,Sat Apr 10 18:20:00 2021 UTC,claynrobinson
Regretting Barrett self.ASU,36 comments,92,https://old.reddit.com/r/ASU/comments/moj8zp/regretting_barrett/,Sun Apr 11 03:19:11 2021 UTC,gamma-girl
Has anyone moved out of state in the middle of a semester? I'm wondering if I will be charged out-of-state tuition if I move at the end of session A and I'm still taking session C classes. self.ASU,4 comments,2,https://old.reddit.com/r/ASU/comments/mp56aj/has_anyone_moved_out_of_state_in_the_middle_of_a/,Mon Apr 12 02:39:40 2021 UTC,ImpossibleFerret19
"SCM, What minor? self.ASU",5 comments,2,https://old.reddit.com/r/ASU/comments/mp4xeu/scm_what_minor/,Mon Apr 12 02:24:20 2021 UTC,phacker81
sociology minor? self.ASU,4 comments,2,https://old.reddit.com/r/ASU/comments/mp4t8v/sociology_minor/,Mon Apr 12 02:17:23 2021 UTC,ybet08
Do you guys think weâ€™ll have the option to stay home next fall? self.ASU,12 comments,11,https://old.reddit.com/r/ASU/comments/mokh60/do_you_guys_think_well_have_the_option_to_stay/,Sun Apr 11 04:42:07 2021 UTC,gotsickofusingsafari
Did anyone forgot their Vacuum cleaner @ SDFC? reddit.com,8 comments,213,https://old.reddit.com/r/ASU/comments/mo0283/did_anyone_forgot_their_vacuum_cleaner_sdfc/,Sat Apr 10 07:13:21 2021 UTC,monil4900
Hello ASU self.ASU,6 comments,23,https://old.reddit.com/r/ASU/comments/mo91yl/hello_asu/,Sat Apr 10 17:28:44 2021 UTC,mrdus11
Took pictures with GradImages. Was told I would get instructions and coupon. Never got them with my proofs. Am i missing something? i.redd.it,7 comments,5,https://old.reddit.com/r/ASU/comments/mobway/took_pictures_with_gradimages_was_told_i_would/,Sat Apr 10 20:01:35 2021 UTC,NaturealBeauty
Computer science self.ASU,14 comments,4,https://old.reddit.com/r/ASU/comments/moa3li/computer_science/,Sat Apr 10 18:24:03 2021 UTC,AdministrativeDrag64
Are we posting pictures of Sunny chats? i.redd.it,4 comments,264,https://old.reddit.com/r/ASU/comments/mnn2eu/are_we_posting_pictures_of_sunny_chats/,Fri Apr 9 18:06:55 2021 UTC,gsells937
Canadian Study-Abroad Student Seeking Advice self.ASU,2 comments,4,https://old.reddit.com/r/ASU/comments/mo8inn/canadian_studyabroad_student_seeking_advice/,Sat Apr 10 17:00:59 2021 UTC,lmidget
Would anyone mind taking this ASU Sync Feedback Survey!? qfreeaccountssjc1.az1.qualtrics.com,comment,3,https://old.reddit.comhttps://qfreeaccountssjc1.az1.qualtrics.com/jfe/form/SV_etzugO4lG0FxJjM,Sat Apr 10 18:30:38 2021 UTC,helen_kellers_shin
Good car washes within 5 miles of campus? self.ASU,8 comments,2,https://old.reddit.com/r/ASU/comments/mo948g/good_car_washes_within_5_miles_of_campus/,Sat Apr 10 17:32:05 2021 UTC,Possible-Advance3871
"Is there a place like this at the Tempe Campus, where the School name is written like in the picture? images.app.goo.gl",3 comments,10,https://old.reddit.comhttps://images.app.goo.gl/yowVbsXME9m6WEza9,Sat Apr 10 04:51:43 2021 UTC,theonlydeviloid
Highest Spot on Tempe Campus? self.ASU,5 comments,13,https://old.reddit.com/r/ASU/comments/mnujjh/highest_spot_on_tempe_campus/,Sat Apr 10 00:42:43 2021 UTC,Seaplane505
"Trying To Use Up Left-Over M&G, Is West POD Market Good? self.ASU",3 comments,3,https://old.reddit.com/r/ASU/comments/mo1cb5/trying_to_use_up_leftover_mg_is_west_pod_market/,Sat Apr 10 09:09:12 2021 UTC,z123killer
"Man accused of stealing ASU golf cart, leading police on Tempe pursuit azfamily.com",comment,10,https://old.reddit.comhttps://www.azfamily.com/news/man-accused-of-stealing-asu-golf-cart-leading-police-on-tempe-pursuit/article_b8256ea0-995f-11eb-9eb0-831910027aff.html,Fri Apr 9 20:52:03 2021 UTC,robertxcii
Password reset glitch? self.ASU,2 comments,6,https://old.reddit.com/r/ASU/comments/mnu3h8/password_reset_glitch/,Sat Apr 10 00:14:49 2021 UTC,sheepgotnolove
Overnight study spaces?? self.ASU,2 comments,5,https://old.reddit.com/r/ASU/comments/mnu1rc/overnight_study_spaces/,Sat Apr 10 00:11:54 2021 UTC,ishan_srivastava
Thanks Sunny i.redd.it,19 comments,262,https://old.reddit.com/r/ASU/comments/mn5vgb/thanks_sunny/,Fri Apr 9 00:50:37 2021 UTC,SteveyS69
Industrial Engineering? self.ASU,4 comments,2,https://old.reddit.com/r/ASU/comments/mnzab1/industrial_engineering/,Sat Apr 10 06:06:27 2021 UTC,xxxtent8cion
Graduation Photos self.ASU,4 comments,4,https://old.reddit.com/r/ASU/comments/mntz3m/graduation_photos/,Sat Apr 10 00:07:30 2021 UTC,Xoicw2
How to keep my ASU email? self.ASU,4 comments,5,https://old.reddit.com/r/ASU/comments/mns7ei/how_to_keep_my_asu_email/,Fri Apr 9 22:25:52 2021 UTC,MigeI
Can someone explain this? i.redd.it,11 comments,23,https://old.reddit.com/r/ASU/comments/mngp2f/can_someone_explain_this/,Fri Apr 9 13:01:51 2021 UTC,trifflinmonk
help!! self.ASU,6 comments,2,https://old.reddit.com/r/ASU/comments/mnyszu/help/,Sat Apr 10 05:27:52 2021 UTC,BBFaygo25
Photography help self.ASU,1 comment,4,https://old.reddit.com/r/ASU/comments/mnqc54/photography_help/,Fri Apr 9 20:48:13 2021 UTC,IAMBC21
End of semester self.ASU,18 comments,0,https://old.reddit.com/r/ASU/comments/mnv9js/end_of_semester/,Sat Apr 10 01:28:22 2021 UTC,AdministrativeDrag64
Has anybody else feel like theyâ€™ve been skipping more classes this last half of the semester? self.ASU,14 comments,94,https://old.reddit.com/r/ASU/comments/mn4xjq/has_anybody_else_feel_like_theyve_been_skipping/,Thu Apr 8 23:58:13 2021 UTC,jaeklethewackle
Tempe/ASU bars self.ASU,6 comments,3,https://old.reddit.com/r/ASU/comments/mnsvom/tempeasu_bars/,Fri Apr 9 23:03:41 2021 UTC,stizz734
Anyone here a Integrative Health major/ minor or know someone that is?? self.ASU,comment,3,https://old.reddit.com/r/ASU/comments/mnhc1n/anyone_here_a_integrative_health_major_minor_or/,Fri Apr 9 13:35:23 2021 UTC,Natattak33
Survey for my class self.ASU,10 comments,25,https://old.reddit.com/r/ASU/comments/mn2fsj/survey_for_my_class/,Thu Apr 8 21:50:02 2021 UTC,Zealousideal-Mix-73
Asu JJ vaccine self.ASU,25 comments,13,https://old.reddit.com/r/ASU/comments/mn6qoc/asu_jj_vaccine/,Fri Apr 9 01:40:08 2021 UTC,phatbatkisses
Yay for homework deadlines not being changed self.ASU,13 comments,78,https://old.reddit.com/r/ASU/comments/mml2cs/yay_for_homework_deadlines_not_being_changed/,Thu Apr 8 05:43:15 2021 UTC,pyrokenetic23
CSE 310 self.ASU,3 comments,3,https://old.reddit.com/r/ASU/comments/mn6ia7/cse_310/,Fri Apr 9 01:26:36 2021 UTC,AdministrativeDrag64
Mechanical engineering discord self.ASU,13 comments,5,https://old.reddit.com/r/ASU/comments/mmzuml/mechanical_engineering_discord/,Thu Apr 8 19:46:59 2021 UTC,MESHALSA
ENT 340 Group Project self.ASU,comment,2,https://old.reddit.com/r/ASU/comments/mn8oxv/ent_340_group_project/,Fri Apr 9 03:35:25 2021 UTC,Double_Champion1260
Vaccination at Asu self.ASU,13 comments,3,https://old.reddit.com/r/ASU/comments/mn2jjy/vaccination_at_asu/,Thu Apr 8 21:55:14 2021 UTC,EliteCuddlez
Anyone else feel genuinely burnt out this month? self.ASU,55 comments,326,https://old.reddit.com/r/ASU/comments/mm8d1y/anyone_else_feel_genuinely_burnt_out_this_month/,Wed Apr 7 18:18:59 2021 UTC,alovesolives3
Professor Problems self.ASU,2 comments,0,https://old.reddit.com/r/ASU/comments/mn7dhd/professor_problems/,Fri Apr 9 02:16:11 2021 UTC,HeadedToMed
BIO 394: The Global Water Classroom (online) self.ASU,1 comment,2,https://old.reddit.com/r/ASU/comments/mn23tt/bio_394_the_global_water_classroom_online/,Thu Apr 8 21:34:12 2021 UTC,myplushfrog
ASU Grad Pics self.ASU,8 comments,2,https://old.reddit.com/r/ASU/comments/mn1ndl/asu_grad_pics/,Thu Apr 8 21:12:02 2021 UTC,Stefanzerker
Withdrawal from Elective Course self.ASU,2 comments,2,https://old.reddit.com/r/ASU/comments/mn1ezg/withdrawal_from_elective_course/,Thu Apr 8 21:00:43 2021 UTC,djpaullyb
"Hi, what is a good major for PA school? self.ASU",3 comments,2,https://old.reddit.com/r/ASU/comments/mmwk4j/hi_what_is_a_good_major_for_pa_school/,Thu Apr 8 17:15:49 2021 UTC,SnarlyCactus74
CRJ Advising self.ASU,2 comments,2,https://old.reddit.com/r/ASU/comments/mmusks/crj_advising/,Thu Apr 8 15:54:06 2021 UTC,Sergio9944
May 3rd Graduation self.ASU,comment,0,https://old.reddit.com/r/ASU/comments/mn227f/may_3rd_graduation/,Thu Apr 8 21:31:58 2021 UTC,ladylaserbeam
Take my marketing survey and Iâ€™ll upvote your completion reply for free karma ðŸ˜Ž qfreeaccountssjc1.az1.qualtrics.com,2 comments,0,https://old.reddit.comhttps://qfreeaccountssjc1.az1.qualtrics.com/jfe/form/SV_3wp2qvvvhnLCPj0,Thu Apr 8 22:41:39 2021 UTC,dmbred
[ENT 340] Homesickness App Feedback self.ASU,comment,4,https://old.reddit.com/r/ASU/comments/mmkjv9/ent_340_homesickness_app_feedback/,Thu Apr 8 05:06:38 2021 UTC,seven_teen
[IEE380] Survey again about car mileage. Thanks to everyone who fills it out. self.ASU,7 comments,15,https://old.reddit.com/r/ASU/comments/mmbhen/iee380_survey_again_about_car_mileage_thanks_to/,Wed Apr 7 20:42:14 2021 UTC,Scorpio9989
Selling used 44in undergrad graduation gown self.ASU,comment,3,https://old.reddit.com/r/ASU/comments/mmma8a/selling_used_44in_undergrad_graduation_gown/,Thu Apr 8 07:12:41 2021 UTC,leftmooon
Which engineering program at ASU do you think is most difficult? self.ASU,32 comments,5,https://old.reddit.com/r/ASU/comments/mmfazt/which_engineering_program_at_asu_do_you_think_is/,Wed Apr 7 23:55:47 2021 UTC,TitansDaughter
Phd in Data Science ASU (Statistics/Computer Science) self.ASU,comment,11,https://old.reddit.com/r/ASU/comments/mma0qc/phd_in_data_science_asu_statisticscomputer_science/,Wed Apr 7 19:34:58 2021 UTC,draleo183013
"For those who have taken CON 101, how is it? self.ASU",5 comments,4,https://old.reddit.com/r/ASU/comments/mmd2v6/for_those_who_have_taken_con_101_how_is_it/,Wed Apr 7 21:59:42 2021 UTC,MrCoffeeBean4568
Health Services Building Poly Campus self.ASU,3 comments,9,https://old.reddit.com/r/ASU/comments/mm65nz/health_services_building_poly_campus/,Wed Apr 7 16:38:20 2021 UTC,noahteets
Chem 114 self.ASU,3 comments,2,https://old.reddit.com/r/ASU/comments/mmjgcg/chem_114/,Thu Apr 8 03:54:33 2021 UTC,Electronic_Cricket33
Shame i.redd.it,12 comments,259,https://old.reddit.com/r/ASU/comments/mlksww/shame/,Tue Apr 6 20:21:53 2021 UTC,69dildoswaggins420
Anyone's brain in summer break? self.ASU,16 comments,64,https://old.reddit.com/r/ASU/comments/mls1m5/anyones_brain_in_summer_break/,Wed Apr 7 02:22:11 2021 UTC,Snoo1062
SDFC JOB INTERVIEW self.ASU,2 comments,4,https://old.reddit.com/r/ASU/comments/mm7d2k/sdfc_job_interview/,Wed Apr 7 17:33:01 2021 UTC,Turbulent-Region6198
Scholarship announcements? self.ASU,comment,3,https://old.reddit.com/r/ASU/comments/mma88x/scholarship_announcements/,Wed Apr 7 19:44:30 2021 UTC,JaydedNurse
whereâ€™s the vaccine center on west campus? self.ASU,3 comments,4,https://old.reddit.com/r/ASU/comments/mm6dmg/wheres_the_vaccine_center_on_west_campus/,Wed Apr 7 16:48:25 2021 UTC,ravenkingpin
Johnson & Johnson COVID-19 vaccine available to ASU students! self.ASU,10 comments,46,https://old.reddit.com/r/ASU/comments/mlq4zi/johnson_johnson_covid19_vaccine_available_to_asu/,Wed Apr 7 00:38:07 2021 UTC,ananay_arora
What laptop would you recommend for a mechanical engineering major? self.ASU,11 comments,7,https://old.reddit.com/r/ASU/comments/mlwk45/what_laptop_would_you_recommend_for_a_mechanical/,Wed Apr 7 07:09:54 2021 UTC,NoEnvironment11
Need Interviewees for Project! self.ASU,comment,5,https://old.reddit.com/r/ASU/comments/mlxu8r/need_interviewees_for_project/,Wed Apr 7 08:50:32 2021 UTC,wizardwlw
Is Professional Flex MBA a good option for international students without a job in US starting Fall 2021 self.ASU,2 comments,2,https://old.reddit.com/r/ASU/comments/mm4p0w/is_professional_flex_mba_a_good_option_for/,Wed Apr 7 15:30:43 2021 UTC,ConsiderationMuch209
"What are my potential fall back choices if I get a degree in ""Medical Studies"" but do not get into PA school? self.ASU",2 comments,2,https://old.reddit.com/r/ASU/comments/mm475o/what_are_my_potential_fall_back_choices_if_i_get/,Wed Apr 7 15:08:25 2021 UTC,SnarlyCactus74
Is there a video editing course available for ASU Online students? self.ASU,3 comments,8,https://old.reddit.com/r/ASU/comments/mltwzl/is_there_a_video_editing_course_available_for_asu/,Wed Apr 7 04:11:05 2021 UTC,muhrelle
College of Health Solutions sent their email ðŸ˜ŽðŸ˜ŽðŸ˜Ž i.redd.it,comment,16,https://old.reddit.com/r/ASU/comments/mlnrn7/college_of_health_solutions_sent_their_email/,Tue Apr 6 22:34:23 2021 UTC,miss_glamorous
Iâ€™m hoping you can help me with something. Itâ€™s a homework interview: I would like to interview at least two people interested in automobile striping and shopping for it to help me test my website prototype. This can be over Zoom. Let me know if youâ€™re interested! Thanks so much! self.ASU,comment,5,https://old.reddit.com/r/ASU/comments/mlsnwh/im_hoping_you_can_help_me_with_something_its_a/,Wed Apr 7 02:56:58 2021 UTC,idahorose698
Transferring to ASU Online from in-person? self.ASU,10 comments,4,https://old.reddit.com/r/ASU/comments/mlt82u/transferring_to_asu_online_from_inperson/,Wed Apr 7 03:29:10 2021 UTC,Camillefeels
If I decline/cancel my pell grant will I lose my Obama scholarship? self.ASU,7 comments,20,https://old.reddit.com/r/ASU/comments/mlfkm1/if_i_declinecancel_my_pell_grant_will_i_lose_my/,Tue Apr 6 16:27:11 2021 UTC,beachbots
GRA 294 (illustrator) self.ASU,6 comments,3,https://old.reddit.com/r/ASU/comments/mltia0/gra_294_illustrator/,Wed Apr 7 03:45:55 2021 UTC,henkastik
Does anyone know what happens if you don't have enough internship hours? self.ASU,2 comments,1,https://old.reddit.com/r/ASU/comments/mlupbu/does_anyone_know_what_happens_if_you_dont_have/,Wed Apr 7 05:01:11 2021 UTC,Anxiety-Alarmed
Incentivized 5-to-10-minute Survey for My Thesis self.ASU,comment,8,https://old.reddit.com/r/ASU/comments/mlhfxn/incentivized_5to10minute_survey_for_my_thesis/,Tue Apr 6 17:50:40 2021 UTC,anonymous_mango
Conducting Research. Quick survey! self.ASU,comment,2,https://old.reddit.com/r/ASU/comments/mlrvze/conducting_research_quick_survey/,Wed Apr 7 02:13:26 2021 UTC,SheReal1
design milestones self.ASU,comment,2,https://old.reddit.com/r/ASU/comments/mlrnvq/design_milestones/,Wed Apr 7 02:01:28 2021 UTC,henkastik
Barrett graduation medals self.ASU,1 comment,3,https://old.reddit.com/r/ASU/comments/mllsb7/barrett_graduation_medals/,Tue Apr 6 21:08:31 2021 UTC,doodlesbunny
CSE 310 self.ASU,2 comments,3,https://old.reddit.com/r/ASU/comments/mlia45/cse_310/,Tue Apr 6 18:27:40 2021 UTC,AdministrativeDrag64
Yezhou Yang self.ASU,5 comments,0,https://old.reddit.com/r/ASU/comments/mlvyjk/yezhou_yang/,Wed Apr 7 06:27:05 2021 UTC,AdministrativeDrag64
PhD self.ASU,15 comments,142,https://old.reddit.com/r/ASU/comments/mkrlwl/phd/,Mon Apr 5 18:38:49 2021 UTC,cyberwiz21
PreLaw Transcript self.ASU,5 comments,5,https://old.reddit.com/r/ASU/comments/ml9g8o/prelaw_transcript/,Tue Apr 6 11:27:43 2021 UTC,Ambitious-Carry-7050